timestamp,vin,vehSpeed,vehRPM,vehSysPwrMod,vehGearPos,vehBrakePos,vehAccelPos,vehCoolantTemp,vehBMSPackSOC,vehBMSPackSOCV
2026-06-27 11:59:15.400272+00:00,MH01TEST0001,680.0,894.0,2,3.0,38.0,74.0,89.0,352.0,0.0
2026-06-27 11:59:25.400272+00:00,MH01TEST0001,509.0,1578.0,2,1.0,12.0,1.0,80.0,233.0,0.0
2026-06-27 11:59:35.400272+00:00,MH01TEST0001,408.0,1870.0,2,1.0,12.0,51.0,90.0,544.0,0.0
2026-06-27 11:59:45.400272+00:00,MH01TEST0001,215.0,1448.0,2,5.0,38.0,82.0,78.0,659.0,0.0
2026-06-27 11:59:55.400272+00:00,MH01TEST0001,246.0,2299.0,2,3.0,15.0,77.0,82.0,709.0,0.0
2026-06-27 12:00:05.400272+00:00,MH01TEST0001,32.0,2986.0,2,5.0,37.0,49.0,94.0,208.0,0.0
2026-06-27 12:00:15.400272+00:00,MH01TEST0001,60.0,1536.0,2,1.0,49.0,32.0,99.0,409.0,0.0
2026-06-27 12:00:25.400272+00:00,MH01TEST0001,13.0,2496.0,2,2.0,42.0,43.0,78.0,236.0,0.0
2026-06-27 12:00:35.400272+00:00,MH01TEST0001,140.0,969.0,2,3.0,40.0,56.0,97.0,452.0,0.0
2026-06-27 12:00:45.400272+00:00,MH01TEST0001,650.0,1816.0,2,1.0,6.0,60.0,83.0,216.0,0.0
2026-06-27 12:00:55.400272+00:00,MH01TEST0001,519.0,712.0,2,2.0,26.0,95.0,76.0,876.0,0.0
2026-06-27 12:01:05.400272+00:00,MH01TEST0001,730.0,1672.0,2,3.0,37.0,85.0,75.0,601.0,0.0
2026-06-27 12:01:15.400272+00:00,MH01TEST0001,402.0,732.0,2,2.0,44.0,73.0,91.0,340.0,0.0
2026-06-27 12:01:25.400272+00:00,MH01TEST0001,485.0,2718.0,2,1.0,23.0,29.0,98.0,751.0,0.0
2026-06-27 12:01:35.400272+00:00,MH01TEST0001,776.0,2929.0,2,5.0,10.0,60.0,83.0,615.0,0.0
2026-06-27 12:01:45.400272+00:00,MH01TEST0001,583.0,899.0,2,5.0,16.0,26.0,83.0,249.0,0.0
2026-06-27 12:01:55.400272+00:00,MH01TEST0001,505.0,2581.0,2,3.0,21.0,46.0,76.0,682.0,0.0
2026-06-27 12:02:05.400272+00:00,MH01TEST0001,434.0,2329.0,2,5.0,36.0,4.0,96.0,423.0,0.0
2026-06-27 12:02:15.400272+00:00,MH01TEST0001,447.0,1391.0,2,3.0,7.0,26.0,86.0,281.0,0.0
2026-06-27 12:02:25.400272+00:00,MH01TEST0001,748.0,2515.0,2,5.0,42.0,26.0,99.0,465.0,0.0
2026-06-27 12:02:35.400272+00:00,MH01TEST0001,221.0,2913.0,2,1.0,48.0,64.0,95.0,204.0,0.0
2026-06-27 12:02:45.400272+00:00,MH01TEST0001,652.0,2538.0,2,4.0,16.0,6.0,93.0,829.0,0.0
2026-06-27 12:02:55.400272+00:00,MH01TEST0001,536.0,2292.0,2,1.0,44.0,28.0,92.0,247.0,0.0
2026-06-27 12:03:05.400272+00:00,MH01TEST0001,2.0,1441.0,2,3.0,7.0,4.0,81.0,652.0,0.0
2026-06-27 12:03:15.400272+00:00,MH01TEST0001,315.0,2094.0,2,5.0,9.0,19.0,96.0,688.0,0.0
2026-06-27 12:03:25.400272+00:00,MH01TEST0001,685.0,2532.0,2,5.0,49.0,55.0,87.0,483.0,0.0
2026-06-27 12:03:35.400272+00:00,MH01TEST0001,443.0,2343.0,2,2.0,29.0,26.0,80.0,541.0,0.0
2026-06-27 12:03:45.400272+00:00,MH01TEST0001,26.0,1218.0,2,4.0,45.0,18.0,94.0,845.0,0.0
2026-06-27 12:03:55.400272+00:00,MH01TEST0001,611.0,1647.0,2,1.0,24.0,74.0,75.0,742.0,0.0
2026-06-27 12:04:05.400272+00:00,MH01TEST0001,583.0,1533.0,2,2.0,14.0,7.0,92.0,680.0,0.0
2026-06-27 12:04:15.400272+00:00,MH01TEST0001,677.0,2297.0,2,3.0,12.0,13.0,99.0,630.0,0.0
2026-06-27 12:04:25.400272+00:00,MH01TEST0001,140.0,1660.0,2,5.0,40.0,91.0,95.0,670.0,0.0
2026-06-27 12:04:35.400272+00:00,MH01TEST0001,71.0,1664.0,2,4.0,4.0,96.0,93.0,403.0,0.0
2026-06-27 12:04:45.400272+00:00,MH01TEST0001,690.0,1945.0,2,3.0,4.0,14.0,88.0,698.0,0.0
2026-06-27 12:04:55.400272+00:00,MH01TEST0001,17.0,2032.0,2,2.0,30.0,81.0,78.0,279.0,0.0
2026-06-27 12:05:05.400272+00:00,MH01TEST0001,433.0,959.0,2,4.0,45.0,9.0,91.0,579.0,0.0
2026-06-27 12:05:15.400272+00:00,MH01TEST0001,64.0,2827.0,2,3.0,11.0,46.0,83.0,522.0,0.0
2026-06-27 12:05:25.400272+00:00,MH01TEST0001,239.0,1635.0,2,3.0,38.0,97.0,84.0,527.0,0.0
2026-06-27 12:05:35.400272+00:00,MH01TEST0001,384.0,1103.0,2,4.0,34.0,46.0,99.0,619.0,0.0
2026-06-27 12:05:45.400272+00:00,MH01TEST0001,338.0,700.0,2,1.0,9.0,66.0,79.0,880.0,0.0
2026-06-27 12:05:55.400272+00:00,MH01TEST0001,322.0,1700.0,2,5.0,34.0,91.0,98.0,744.0,0.0
2026-06-27 12:06:05.400272+00:00,MH01TEST0001,22.0,2412.0,2,2.0,14.0,72.0,92.0,600.0,1.0
2026-06-27 12:06:15.400272+00:00,MH01TEST0001,4.0,1381.0,2,3.0,25.0,2.0,89.0,446.0,1.0
2026-06-27 12:06:25.400272+00:00,MH01TEST0001,99.0,2659.0,2,3.0,29.0,56.0,75.0,484.0,0.0
2026-06-27 12:06:35.400272+00:00,MH01TEST0001,6.0,1159.0,2,1.0,8.0,12.0,95.0,779.0,0.0
2026-06-27 12:06:45.400272+00:00,MH01TEST0001,536.0,1019.0,2,1.0,17.0,7.0,94.0,265.0,0.0
2026-06-27 12:06:55.400272+00:00,MH01TEST0001,420.0,1599.0,2,3.0,35.0,81.0,76.0,801.0,1.0
2026-06-27 12:07:05.400272+00:00,MH01TEST0001,517.0,2318.0,2,1.0,36.0,84.0,75.0,334.0,0.0
2026-06-27 12:07:15.400272+00:00,MH01TEST0001,205.0,1389.0,2,4.0,9.0,84.0,81.0,524.0,0.0
2026-06-27 12:07:25.400272+00:00,MH01TEST0001,492.0,2588.0,2,3.0,29.0,41.0,90.0,888.0,0.0
2026-06-27 12:07:35.400272+00:00,MH01TEST0001,611.0,748.0,2,2.0,5.0,42.0,83.0,872.0,0.0
2026-06-27 12:07:45.400272+00:00,MH01TEST0001,306.0,2958.0,2,4.0,10.0,39.0,89.0,873.0,0.0
2026-06-27 12:07:55.400272+00:00,MH01TEST0001,368.0,808.0,2,2.0,46.0,84.0,91.0,660.0,0.0
2026-06-27 12:08:05.400272+00:00,MH01TEST0001,797.0,2640.0,2,4.0,30.0,13.0,77.0,202.0,0.0
2026-06-27 12:08:15.400272+00:00,MH01TEST0001,643.0,708.0,2,2.0,46.0,90.0,97.0,549.0,0.0
2026-06-27 12:08:25.400272+00:00,MH01TEST0001,784.0,1675.0,2,2.0,0.0,11.0,89.0,254.0,0.0
2026-06-27 12:08:35.400272+00:00,MH01TEST0001,303.0,1411.0,2,4.0,6.0,31.0,78.0,321.0,0.0
2026-06-27 12:08:45.400272+00:00,MH01TEST0001,548.0,2953.0,2,4.0,5.0,52.0,93.0,675.0,0.0
2026-06-27 12:08:55.400272+00:00,MH01TEST0001,760.0,2206.0,2,4.0,16.0,0.0,86.0,844.0,0.0
2026-06-27 12:09:05.400272+00:00,MH01TEST0001,520.0,2940.0,2,3.0,8.0,56.0,88.0,352.0,0.0
2026-06-27 12:09:15.400272+00:00,MH01TEST0001,672.0,1653.0,2,2.0,22.0,0.0,98.0,711.0,0.0
2026-06-27 12:09:25.400272+00:00,MH01TEST0001,550.0,1858.0,2,5.0,17.0,51.0,91.0,664.0,0.0
2026-06-27 12:09:35.400272+00:00,MH01TEST0001,563.0,1855.0,2,5.0,33.0,18.0,91.0,641.0,0.0
2026-06-27 12:09:45.400272+00:00,MH01TEST0001,311.0,2432.0,2,4.0,0.0,61.0,92.0,346.0,1.0
2026-06-27 12:09:55.400272+00:00,MH01TEST0001,700.0,1871.0,2,2.0,21.0,50.0,94.0,853.0,0.0
2026-06-27 12:10:05.400272+00:00,MH01TEST0001,108.0,2801.0,2,5.0,46.0,87.0,80.0,477.0,0.0
2026-06-27 12:10:15.400272+00:00,MH01TEST0001,463.0,1141.0,2,3.0,42.0,52.0,99.0,558.0,0.0
2026-06-27 12:10:25.400272+00:00,MH01TEST0001,577.0,1795.0,2,2.0,11.0,50.0,98.0,428.0,0.0
2026-06-27 12:10:35.400272+00:00,MH01TEST0001,676.0,1267.0,2,4.0,9.0,37.0,92.0,780.0,0.0
2026-06-27 12:10:45.400272+00:00,MH01TEST0001,420.0,2686.0,2,1.0,13.0,37.0,83.0,372.0,0.0
2026-06-27 12:10:55.400272+00:00,MH01TEST0001,300.0,1015.0,2,3.0,44.0,62.0,75.0,368.0,0.0
2026-06-27 12:11:05.400272+00:00,MH01TEST0001,248.0,2313.0,2,1.0,18.0,25.0,89.0,742.0,0.0
2026-06-27 12:11:15.400272+00:00,MH01TEST0001,338.0,2797.0,2,1.0,6.0,23.0,95.0,868.0,0.0
2026-06-27 12:11:25.400272+00:00,MH01TEST0001,388.0,1376.0,2,3.0,47.0,30.0,77.0,412.0,0.0
2026-06-27 12:11:35.400272+00:00,MH01TEST0001,575.0,1342.0,2,3.0,39.0,54.0,93.0,449.0,0.0
2026-06-27 12:11:45.400272+00:00,MH01TEST0001,711.0,2465.0,2,3.0,17.0,56.0,99.0,840.0,0.0
2026-06-27 12:11:55.400272+00:00,MH01TEST0001,58.0,2060.0,2,1.0,31.0,45.0,78.0,209.0,0.0
2026-06-27 12:12:05.400272+00:00,MH01TEST0001,747.0,2012.0,2,1.0,21.0,79.0,91.0,332.0,0.0
2026-06-27 12:12:15.400272+00:00,MH01TEST0001,425.0,2733.0,2,1.0,0.0,13.0,87.0,522.0,0.0
2026-06-27 12:12:25.400272+00:00,MH01TEST0001,286.0,915.0,2,4.0,14.0,44.0,86.0,826.0,0.0
2026-06-27 12:12:35.400272+00:00,MH01TEST0001,538.0,1328.0,2,1.0,21.0,69.0,98.0,201.0,0.0
2026-06-27 12:12:45.400272+00:00,MH01TEST0001,457.0,1600.0,2,5.0,48.0,4.0,89.0,307.0,0.0
2026-06-27 12:12:55.400272+00:00,MH01TEST0001,203.0,2810.0,2,2.0,25.0,17.0,77.0,251.0,0.0
2026-06-27 12:13:05.400272+00:00,MH01TEST0001,257.0,869.0,2,2.0,18.0,18.0,75.0,407.0,0.0
2026-06-27 12:13:15.400272+00:00,MH01TEST0001,575.0,1741.0,2,2.0,7.0,86.0,81.0,324.0,0.0
2026-06-27 12:13:25.400272+00:00,MH01TEST0001,475.0,1795.0,2,3.0,4.0,9.0,81.0,888.0,0.0
2026-06-27 12:13:35.400272+00:00,MH01TEST0001,403.0,733.0,2,2.0,30.0,59.0,94.0,540.0,0.0
2026-06-27 12:13:45.400272+00:00,MH01TEST0001,270.0,1685.0,2,3.0,32.0,33.0,99.0,233.0,0.0
2026-06-27 12:13:55.400272+00:00,MH01TEST0001,608.0,2192.0,2,2.0,31.0,56.0,86.0,246.0,0.0
2026-06-27 12:14:05.400272+00:00,MH01TEST0001,313.0,1674.0,2,4.0,35.0,68.0,77.0,786.0,0.0
2026-06-27 12:14:15.400272+00:00,MH01TEST0001,262.0,1403.0,2,5.0,7.0,79.0,93.0,699.0,0.0
2026-06-27 12:14:25.400272+00:00,MH01TEST0001,712.0,2048.0,2,1.0,18.0,59.0,78.0,314.0,0.0
2026-06-27 12:14:35.400272+00:00,MH01TEST0001,211.0,2956.0,2,1.0,25.0,64.0,94.0,870.0,0.0
2026-06-27 12:14:45.400272+00:00,MH01TEST0001,181.0,982.0,2,2.0,10.0,66.0,89.0,563.0,0.0
2026-06-27 12:14:55.400272+00:00,MH01TEST0001,571.0,1358.0,2,2.0,33.0,22.0,83.0,760.0,0.0
2026-06-27 12:15:05.400272+00:00,MH01TEST0001,498.0,2847.0,2,4.0,20.0,45.0,94.0,870.0,0.0
2026-06-27 12:15:15.400272+00:00,MH01TEST0001,38.0,1381.0,2,4.0,43.0,94.0,76.0,525.0,0.0
2026-06-27 12:15:25.400272+00:00,MH01TEST0001,67.0,2273.0,2,3.0,21.0,10.0,96.0,283.0,0.0
2026-06-27 12:15:35.400272+00:00,MH01TEST0001,301.0,1508.0,2,5.0,13.0,13.0,79.0,850.0,1.0
2026-06-27 12:15:45.400272+00:00,MH01TEST0001,666.0,2594.0,2,5.0,49.0,29.0,96.0,463.0,0.0
2026-06-27 12:15:55.400272+00:00,MH01TEST0001,320.0,2046.0,2,5.0,49.0,51.0,86.0,545.0,0.0
2026-06-27 12:16:05.400272+00:00,MH01TEST0001,629.0,2762.0,2,3.0,42.0,51.0,94.0,555.0,0.0
2026-06-27 12:16:15.400272+00:00,MH01TEST0001,253.0,2166.0,2,3.0,25.0,70.0,80.0,497.0,0.0
2026-06-27 12:16:25.400272+00:00,MH01TEST0001,191.0,2041.0,2,3.0,31.0,49.0,83.0,656.0,0.0
2026-06-27 12:16:35.400272+00:00,MH01TEST0001,633.0,1823.0,2,2.0,10.0,25.0,99.0,590.0,0.0
2026-06-27 12:16:45.400272+00:00,MH01TEST0001,701.0,792.0,2,2.0,9.0,24.0,89.0,435.0,0.0
2026-06-27 12:16:55.400272+00:00,MH01TEST0001,63.0,977.0,2,4.0,40.0,66.0,83.0,418.0,0.0
2026-06-27 12:17:05.400272+00:00,MH01TEST0001,46.0,2336.0,2,2.0,34.0,82.0,95.0,374.0,0.0
2026-06-27 12:17:15.400272+00:00,MH01TEST0001,537.0,2171.0,2,1.0,24.0,98.0,87.0,222.0,0.0
2026-06-27 12:17:25.400272+00:00,MH01TEST0001,268.0,2008.0,2,4.0,37.0,43.0,78.0,835.0,0.0
2026-06-27 12:17:35.400272+00:00,MH01TEST0001,458.0,968.0,2,3.0,8.0,76.0,98.0,645.0,0.0
2026-06-27 12:17:45.400272+00:00,MH01TEST0001,120.0,2599.0,2,2.0,3.0,84.0,77.0,205.0,0.0
2026-06-27 12:17:55.400272+00:00,MH01TEST0001,688.0,2531.0,2,2.0,25.0,60.0,89.0,220.0,0.0
2026-06-27 12:18:05.400272+00:00,MH01TEST0001,360.0,1923.0,2,5.0,18.0,26.0,86.0,886.0,0.0
2026-06-27 12:18:15.400272+00:00,MH01TEST0001,715.0,1284.0,2,1.0,11.0,13.0,89.0,885.0,0.0
2026-06-27 12:18:25.400272+00:00,MH01TEST0001,637.0,2570.0,2,2.0,16.0,94.0,82.0,304.0,0.0
2026-06-27 12:18:35.400272+00:00,MH01TEST0001,564.0,1899.0,2,3.0,11.0,61.0,83.0,859.0,0.0
2026-06-27 12:18:45.400272+00:00,MH01TEST0001,184.0,2993.0,2,4.0,28.0,11.0,75.0,361.0,0.0
2026-06-27 12:18:55.400272+00:00,MH01TEST0001,613.0,1345.0,2,3.0,21.0,41.0,99.0,855.0,0.0
2026-06-27 12:19:05.400272+00:00,MH01TEST0001,41.0,1506.0,2,3.0,32.0,76.0,87.0,712.0,0.0
2026-06-27 12:19:15.400272+00:00,MH01TEST0001,456.0,2548.0,2,4.0,1.0,49.0,96.0,373.0,0.0
2026-06-27 12:19:25.400272+00:00,MH01TEST0001,323.0,1093.0,2,4.0,9.0,2.0,84.0,727.0,0.0
2026-06-27 12:19:35.400272+00:00,MH01TEST0001,797.0,1440.0,2,4.0,18.0,27.0,97.0,833.0,0.0
2026-06-27 12:19:45.400272+00:00,MH01TEST0001,158.0,1600.0,2,5.0,23.0,23.0,97.0,559.0,0.0
2026-06-27 12:19:55.400272+00:00,MH01TEST0001,757.0,2370.0,2,4.0,40.0,43.0,87.0,684.0,0.0
2026-06-27 12:20:05.400272+00:00,MH01TEST0001,72.0,2432.0,2,1.0,49.0,87.0,83.0,215.0,0.0
2026-06-27 12:20:15.400272+00:00,MH01TEST0001,498.0,2513.0,2,5.0,1.0,35.0,77.0,874.0,0.0
2026-06-27 12:20:25.400272+00:00,MH01TEST0001,464.0,1710.0,2,1.0,0.0,35.0,91.0,355.0,0.0
2026-06-27 12:20:35.400272+00:00,MH01TEST0001,719.0,2115.0,2,5.0,41.0,87.0,87.0,498.0,0.0
2026-06-27 12:20:45.400272+00:00,MH01TEST0001,238.0,2053.0,2,1.0,18.0,93.0,89.0,345.0,0.0
2026-06-27 12:20:55.400272+00:00,MH01TEST0001,721.0,2475.0,2,5.0,45.0,2.0,81.0,866.0,0.0
2026-06-27 12:21:05.400272+00:00,MH01TEST0001,537.0,992.0,2,1.0,16.0,92.0,82.0,824.0,0.0
2026-06-27 12:21:15.400272+00:00,MH01TEST0001,712.0,1431.0,2,5.0,40.0,25.0,89.0,300.0,0.0
2026-06-27 12:21:25.400272+00:00,MH01TEST0001,159.0,2370.0,2,3.0,20.0,80.0,86.0,521.0,0.0
2026-06-27 12:21:35.400272+00:00,MH01TEST0001,606.0,1164.0,2,3.0,3.0,18.0,90.0,227.0,0.0
2026-06-27 12:21:45.400272+00:00,MH01TEST0001,753.0,1344.0,2,1.0,43.0,39.0,84.0,737.0,0.0
2026-06-27 12:21:55.400272+00:00,MH01TEST0001,38.0,2950.0,2,1.0,8.0,44.0,90.0,811.0,0.0
2026-06-27 12:22:05.400272+00:00,MH01TEST0001,292.0,1138.0,2,5.0,21.0,85.0,80.0,834.0,0.0
2026-06-27 12:22:15.400272+00:00,MH01TEST0001,509.0,2995.0,2,2.0,12.0,96.0,84.0,635.0,0.0
2026-06-27 12:22:25.400272+00:00,MH01TEST0001,84.0,2684.0,2,1.0,44.0,45.0,77.0,475.0,0.0
2026-06-27 12:22:35.400272+00:00,MH01TEST0001,408.0,1058.0,2,3.0,17.0,55.0,94.0,888.0,0.0
2026-06-27 12:22:45.400272+00:00,MH01TEST0001,503.0,1998.0,2,2.0,28.0,12.0,76.0,846.0,0.0
2026-06-27 12:22:55.400272+00:00,MH01TEST0001,611.0,1444.0,2,3.0,2.0,6.0,76.0,868.0,0.0
2026-06-27 12:23:05.400272+00:00,MH01TEST0001,741.0,1814.0,2,3.0,21.0,85.0,80.0,676.0,0.0
2026-06-27 12:23:15.400272+00:00,MH01TEST0001,327.0,2102.0,2,1.0,8.0,95.0,92.0,568.0,0.0
2026-06-27 12:23:25.400272+00:00,MH01TEST0001,352.0,2767.0,2,2.0,12.0,81.0,77.0,623.0,0.0
2026-06-27 12:23:35.400272+00:00,MH01TEST0001,379.0,2841.0,2,2.0,6.0,21.0,98.0,436.0,0.0
2026-06-27 12:23:45.400272+00:00,MH01TEST0001,763.0,897.0,2,2.0,41.0,13.0,78.0,515.0,0.0
2026-06-27 12:23:55.400272+00:00,MH01TEST0001,156.0,1111.0,2,3.0,44.0,53.0,95.0,475.0,0.0
2026-06-27 12:24:05.400272+00:00,MH01TEST0001,399.0,2301.0,2,2.0,32.0,86.0,78.0,509.0,0.0
2026-06-27 12:24:15.400272+00:00,MH01TEST0001,39.0,1174.0,2,5.0,25.0,91.0,81.0,230.0,0.0
2026-06-27 12:24:25.400272+00:00,MH01TEST0001,340.0,1454.0,2,2.0,10.0,51.0,84.0,426.0,0.0
2026-06-27 12:24:35.400272+00:00,MH01TEST0001,756.0,2046.0,2,3.0,28.0,41.0,96.0,206.0,0.0
2026-06-27 12:24:45.400272+00:00,MH01TEST0001,496.0,1103.0,2,5.0,6.0,74.0,80.0,395.0,0.0
2026-06-27 12:24:55.400272+00:00,MH01TEST0001,279.0,2987.0,2,5.0,22.0,90.0,91.0,543.0,0.0
2026-06-27 12:25:05.400272+00:00,MH01TEST0001,796.0,2252.0,2,3.0,6.0,26.0,75.0,539.0,0.0
2026-06-27 12:25:15.400272+00:00,MH01TEST0001,483.0,1222.0,2,2.0,7.0,56.0,81.0,329.0,0.0
2026-06-27 12:25:25.400272+00:00,MH01TEST0001,759.0,1534.0,2,2.0,45.0,21.0,75.0,485.0,0.0
2026-06-27 12:25:35.400272+00:00,MH01TEST0001,13.0,2190.0,2,2.0,22.0,80.0,80.0,459.0,0.0
2026-06-27 12:25:45.400272+00:00,MH01TEST0001,368.0,1458.0,2,4.0,20.0,84.0,99.0,383.0,0.0
2026-06-27 12:25:55.400272+00:00,MH01TEST0001,667.0,2129.0,2,4.0,21.0,26.0,90.0,737.0,0.0
2026-06-27 12:26:05.400272+00:00,MH01TEST0001,606.0,2870.0,2,4.0,41.0,60.0,81.0,251.0,0.0
2026-06-27 12:26:15.400272+00:00,MH01TEST0001,325.0,1540.0,2,4.0,24.0,22.0,93.0,221.0,0.0
2026-06-27 12:26:25.400272+00:00,MH01TEST0001,397.0,1158.0,2,4.0,44.0,14.0,76.0,881.0,0.0
2026-06-27 12:26:35.400272+00:00,MH01TEST0001,336.0,1357.0,2,2.0,14.0,3.0,80.0,622.0,0.0
2026-06-27 12:26:45.400272+00:00,MH01TEST0001,423.0,1877.0,2,1.0,11.0,36.0,90.0,600.0,0.0
2026-06-27 12:26:55.400272+00:00,MH01TEST0001,184.0,1978.0,2,3.0,10.0,35.0,91.0,575.0,0.0
2026-06-27 12:27:05.400272+00:00,MH01TEST0001,628.0,755.0,2,3.0,1.0,85.0,88.0,435.0,0.0
2026-06-27 12:27:15.400272+00:00,MH01TEST0001,62.0,2179.0,2,5.0,0.0,71.0,75.0,432.0,0.0
2026-06-27 12:27:25.400272+00:00,MH01TEST0001,331.0,1075.0,2,4.0,9.0,46.0,84.0,788.0,0.0
2026-06-27 12:27:35.400272+00:00,MH01TEST0001,225.0,2148.0,2,2.0,15.0,21.0,93.0,456.0,0.0
2026-06-27 12:27:45.400272+00:00,MH01TEST0001,587.0,2731.0,2,4.0,38.0,33.0,93.0,540.0,0.0
2026-06-27 12:27:55.400272+00:00,MH01TEST0001,599.0,1144.0,2,4.0,18.0,12.0,77.0,833.0,0.0
2026-06-27 12:28:05.400272+00:00,MH01TEST0001,568.0,2515.0,2,3.0,0.0,34.0,98.0,785.0,0.0
2026-06-27 12:28:15.400272+00:00,MH01TEST0001,739.0,778.0,2,5.0,20.0,43.0,90.0,395.0,0.0
2026-06-27 12:28:25.400272+00:00,MH01TEST0001,745.0,1980.0,2,1.0,28.0,82.0,84.0,315.0,0.0
2026-06-27 12:28:35.400272+00:00,MH01TEST0001,147.0,2234.0,2,3.0,0.0,88.0,98.0,882.0,0.0
2026-06-27 12:28:45.400272+00:00,MH01TEST0001,91.0,1211.0,2,1.0,9.0,45.0,84.0,301.0,0.0
2026-06-27 12:28:55.400272+00:00,MH01TEST0001,105.0,2497.0,2,4.0,47.0,29.0,83.0,563.0,0.0
2026-06-27 12:29:05.400272+00:00,MH01TEST0001,583.0,1982.0,2,2.0,38.0,94.0,87.0,364.0,0.0
2026-06-27 12:29:15.400272+00:00,MH01TEST0001,776.0,1661.0,2,4.0,33.0,92.0,75.0,749.0,0.0
2026-06-27 12:29:25.400272+00:00,MH01TEST0001,741.0,727.0,2,5.0,23.0,31.0,80.0,802.0,0.0
2026-06-27 12:29:35.400272+00:00,MH01TEST0001,534.0,1009.0,2,5.0,11.0,84.0,85.0,672.0,0.0
2026-06-27 12:29:45.400272+00:00,MH01TEST0001,774.0,2339.0,2,3.0,27.0,75.0,79.0,735.0,0.0
2026-06-27 12:29:55.400272+00:00,MH01TEST0001,697.0,1635.0,2,4.0,38.0,39.0,94.0,558.0,0.0
2026-06-27 12:30:05.400272+00:00,MH01TEST0001,11.0,2348.0,2,5.0,14.0,28.0,84.0,429.0,0.0
2026-06-27 12:30:15.400272+00:00,MH01TEST0001,95.0,2910.0,2,1.0,22.0,8.0,88.0,208.0,0.0
2026-06-27 12:30:25.400272+00:00,MH01TEST0001,690.0,2185.0,2,3.0,22.0,76.0,91.0,853.0,0.0
2026-06-27 12:30:35.400272+00:00,MH01TEST0001,65.0,2405.0,2,2.0,33.0,44.0,77.0,578.0,0.0
2026-06-27 12:30:45.400272+00:00,MH01TEST0001,784.0,2106.0,2,4.0,2.0,1.0,75.0,802.0,0.0
2026-06-27 12:30:55.400272+00:00,MH01TEST0001,661.0,1390.0,2,5.0,31.0,14.0,92.0,456.0,0.0
2026-06-27 12:31:05.400272+00:00,MH01TEST0001,765.0,869.0,2,3.0,40.0,12.0,78.0,471.0,0.0
2026-06-27 12:31:15.400272+00:00,MH01TEST0001,288.0,2110.0,2,3.0,2.0,80.0,97.0,422.0,0.0
2026-06-27 12:31:25.400272+00:00,MH01TEST0001,119.0,1266.0,2,4.0,45.0,25.0,95.0,619.0,0.0
2026-06-27 12:31:35.400272+00:00,MH01TEST0001,413.0,978.0,2,2.0,30.0,60.0,77.0,437.0,0.0
2026-06-27 12:31:45.400272+00:00,MH01TEST0001,778.0,2021.0,2,2.0,37.0,87.0,83.0,889.0,0.0
2026-06-27 12:31:55.400272+00:00,MH01TEST0001,293.0,2103.0,2,1.0,16.0,42.0,99.0,481.0,0.0
2026-06-27 12:32:05.400272+00:00,MH01TEST0001,711.0,1606.0,2,5.0,24.0,32.0,88.0,694.0,0.0
2026-06-27 12:32:15.400272+00:00,MH01TEST0001,307.0,2148.0,2,3.0,36.0,23.0,80.0,404.0,0.0
2026-06-27 12:32:25.400272+00:00,MH01TEST0001,657.0,2981.0,2,2.0,42.0,48.0,76.0,338.0,0.0
2026-06-27 12:32:35.400272+00:00,MH01TEST0001,183.0,2443.0,2,4.0,29.0,80.0,77.0,525.0,0.0
2026-06-27 12:32:45.400272+00:00,MH01TEST0001,383.0,2824.0,2,1.0,0.0,10.0,88.0,619.0,0.0
2026-06-27 12:32:55.400272+00:00,MH01TEST0001,261.0,856.0,2,2.0,27.0,80.0,95.0,696.0,0.0
2026-06-27 12:33:05.400272+00:00,MH01TEST0001,185.0,1049.0,2,4.0,33.0,56.0,75.0,823.0,0.0
2026-06-27 12:33:15.400272+00:00,MH01TEST0001,714.0,1524.0,2,5.0,14.0,88.0,83.0,628.0,0.0
2026-06-27 12:33:25.400272+00:00,MH01TEST0001,641.0,2056.0,2,4.0,38.0,9.0,80.0,572.0,0.0
2026-06-27 12:33:35.400272+00:00,MH01TEST0001,111.0,2299.0,2,1.0,38.0,98.0,92.0,530.0,0.0
2026-06-27 12:33:45.400272+00:00,MH01TEST0001,738.0,2301.0,2,4.0,16.0,14.0,86.0,527.0,0.0
2026-06-27 12:33:55.400272+00:00,MH01TEST0001,776.0,2784.0,2,4.0,14.0,34.0,79.0,223.0,0.0
2026-06-27 12:34:05.400272+00:00,MH01TEST0001,212.0,1014.0,2,4.0,42.0,80.0,88.0,721.0,0.0
2026-06-27 12:34:15.400272+00:00,MH01TEST0001,341.0,1094.0,2,1.0,34.0,57.0,95.0,885.0,1.0
2026-06-27 12:34:25.400272+00:00,MH01TEST0001,431.0,1418.0,2,3.0,0.0,24.0,78.0,517.0,0.0
2026-06-27 12:34:35.400272+00:00,MH01TEST0001,525.0,1085.0,2,2.0,13.0,89.0,77.0,443.0,1.0
2026-06-27 12:34:45.400272+00:00,MH01TEST0001,354.0,2346.0,2,1.0,31.0,6.0,86.0,643.0,0.0
2026-06-27 12:34:55.400272+00:00,MH01TEST0001,119.0,1647.0,2,5.0,31.0,52.0,78.0,519.0,0.0
2026-06-27 12:35:05.400272+00:00,MH01TEST0001,744.0,2772.0,2,4.0,15.0,60.0,94.0,204.0,0.0
2026-06-27 12:35:15.400272+00:00,MH01TEST0001,553.0,1352.0,2,5.0,45.0,96.0,90.0,649.0,0.0
2026-06-27 12:35:25.400272+00:00,MH01TEST0001,32.0,1486.0,2,1.0,31.0,14.0,92.0,733.0,0.0
2026-06-27 12:35:35.400272+00:00,MH01TEST0001,651.0,1387.0,2,3.0,16.0,16.0,85.0,391.0,0.0
2026-06-27 12:35:45.400272+00:00,MH01TEST0001,585.0,1249.0,2,1.0,12.0,5.0,84.0,872.0,0.0
2026-06-27 12:35:55.400272+00:00,MH01TEST0001,146.0,2633.0,2,5.0,19.0,10.0,80.0,484.0,0.0
2026-06-27 12:36:05.400272+00:00,MH01TEST0001,491.0,2590.0,2,3.0,10.0,83.0,87.0,791.0,0.0
2026-06-27 12:36:15.400272+00:00,MH01TEST0001,401.0,1380.0,2,4.0,19.0,53.0,89.0,719.0,0.0
2026-06-27 12:36:25.400272+00:00,MH01TEST0001,22.0,2045.0,2,2.0,31.0,39.0,94.0,771.0,0.0
2026-06-27 12:36:35.400272+00:00,MH01TEST0001,741.0,2720.0,2,5.0,39.0,23.0,96.0,628.0,0.0
2026-06-27 12:36:45.400272+00:00,MH01TEST0001,575.0,1796.0,2,1.0,24.0,86.0,81.0,531.0,1.0
2026-06-27 12:36:55.400272+00:00,MH01TEST0001,248.0,2775.0,2,1.0,22.0,48.0,97.0,642.0,0.0
2026-06-27 12:37:05.400272+00:00,MH01TEST0001,12.0,1289.0,2,3.0,9.0,74.0,78.0,714.0,0.0
2026-06-27 12:37:15.400272+00:00,MH01TEST0001,73.0,1219.0,2,3.0,25.0,47.0,89.0,787.0,0.0
2026-06-27 12:37:25.400272+00:00,MH01TEST0001,606.0,867.0,2,4.0,44.0,20.0,99.0,542.0,0.0
2026-06-27 12:37:35.400272+00:00,MH01TEST0001,119.0,2152.0,2,5.0,33.0,16.0,89.0,744.0,0.0
2026-06-27 12:37:45.400272+00:00,MH01TEST0001,410.0,741.0,2,2.0,44.0,8.0,96.0,279.0,0.0
2026-06-27 12:37:55.400272+00:00,MH01TEST0001,718.0,1109.0,2,5.0,25.0,2.0,85.0,409.0,0.0
2026-06-27 12:38:05.400272+00:00,MH01TEST0001,743.0,2033.0,2,4.0,27.0,17.0,96.0,223.0,0.0
2026-06-27 12:38:15.400272+00:00,MH01TEST0001,214.0,1713.0,2,3.0,5.0,63.0,91.0,517.0,0.0
2026-06-27 12:38:25.400272+00:00,MH01TEST0001,52.0,1139.0,2,2.0,35.0,49.0,86.0,443.0,0.0
2026-06-27 12:38:35.400272+00:00,MH01TEST0001,395.0,1879.0,2,4.0,45.0,66.0,90.0,745.0,0.0
2026-06-27 12:38:45.400272+00:00,MH01TEST0001,673.0,2943.0,2,1.0,22.0,35.0,75.0,785.0,0.0
2026-06-27 12:38:55.400272+00:00,MH01TEST0001,499.0,2961.0,2,1.0,28.0,27.0,78.0,430.0,0.0
2026-06-27 12:39:05.400272+00:00,MH01TEST0001,53.0,947.0,2,4.0,40.0,83.0,93.0,529.0,0.0
2026-06-27 12:39:15.400272+00:00,MH01TEST0001,520.0,2432.0,2,2.0,17.0,86.0,96.0,798.0,0.0
2026-06-27 12:39:25.400272+00:00,MH01TEST0001,275.0,1739.0,2,4.0,41.0,46.0,94.0,277.0,0.0
2026-06-27 12:39:35.400272+00:00,MH01TEST0001,180.0,1771.0,2,3.0,17.0,87.0,86.0,620.0,0.0
2026-06-27 12:39:45.400272+00:00,MH01TEST0001,344.0,1607.0,2,3.0,38.0,55.0,99.0,223.0,0.0
2026-06-27 12:39:55.400272+00:00,MH01TEST0001,698.0,2624.0,2,3.0,38.0,70.0,82.0,205.0,0.0
2026-06-27 12:40:05.400272+00:00,MH01TEST0001,772.0,1234.0,2,1.0,12.0,38.0,75.0,569.0,0.0
2026-06-27 12:40:15.400272+00:00,MH01TEST0001,112.0,2044.0,2,2.0,33.0,1.0,79.0,877.0,0.0
2026-06-27 12:40:25.400272+00:00,MH01TEST0001,449.0,2422.0,2,4.0,1.0,75.0,95.0,373.0,0.0
2026-06-27 12:40:35.400272+00:00,MH01TEST0001,609.0,1653.0,2,2.0,37.0,48.0,77.0,661.0,0.0
2026-06-27 12:40:45.400272+00:00,MH01TEST0001,207.0,2180.0,2,4.0,32.0,68.0,83.0,647.0,0.0
2026-06-27 12:40:55.400272+00:00,MH01TEST0001,218.0,972.0,2,5.0,1.0,35.0,86.0,669.0,0.0
2026-06-27 12:41:05.400272+00:00,MH01TEST0001,193.0,2369.0,2,1.0,20.0,68.0,91.0,407.0,0.0
2026-06-27 12:41:15.400272+00:00,MH01TEST0001,167.0,1398.0,2,1.0,42.0,96.0,90.0,606.0,0.0
2026-06-27 12:41:25.400272+00:00,MH01TEST0001,710.0,890.0,2,4.0,44.0,77.0,97.0,510.0,0.0
2026-06-27 12:41:35.400272+00:00,MH01TEST0001,174.0,1379.0,2,2.0,17.0,82.0,92.0,454.0,0.0
2026-06-27 12:41:45.400272+00:00,MH01TEST0001,180.0,1511.0,2,2.0,42.0,39.0,81.0,298.0,1.0
2026-06-27 12:41:55.400272+00:00,MH01TEST0001,100.0,2182.0,2,5.0,44.0,54.0,75.0,384.0,0.0
2026-06-27 12:42:05.400272+00:00,MH01TEST0001,99.0,1895.0,2,5.0,26.0,11.0,99.0,484.0,0.0
2026-06-27 12:42:15.400272+00:00,MH01TEST0001,622.0,2616.0,2,5.0,6.0,92.0,95.0,270.0,1.0
2026-06-27 12:42:25.400272+00:00,MH01TEST0001,230.0,1681.0,2,4.0,18.0,81.0,75.0,598.0,0.0
2026-06-27 12:42:35.400272+00:00,MH01TEST0001,641.0,2739.0,2,1.0,33.0,51.0,76.0,520.0,0.0
2026-06-27 12:42:45.400272+00:00,MH01TEST0001,468.0,793.0,2,2.0,35.0,34.0,77.0,571.0,0.0
2026-06-27 12:42:55.400272+00:00,MH01TEST0001,686.0,1447.0,2,4.0,49.0,55.0,75.0,393.0,0.0
2026-06-27 12:43:05.400272+00:00,MH01TEST0001,443.0,1146.0,2,5.0,35.0,69.0,87.0,271.0,0.0
2026-06-27 12:43:15.400272+00:00,MH01TEST0001,611.0,1579.0,2,2.0,32.0,97.0,87.0,259.0,0.0
2026-06-27 12:43:25.400272+00:00,MH01TEST0001,647.0,2873.0,2,1.0,34.0,98.0,92.0,802.0,0.0
2026-06-27 12:43:35.400272+00:00,MH01TEST0001,48.0,1011.0,2,4.0,37.0,31.0,79.0,285.0,0.0
2026-06-27 12:43:45.400272+00:00,MH01TEST0001,448.0,1073.0,2,1.0,42.0,70.0,98.0,699.0,0.0
2026-06-27 12:43:55.400272+00:00,MH01TEST0001,363.0,1638.0,2,5.0,49.0,95.0,76.0,812.0,0.0
2026-06-27 12:44:05.400272+00:00,MH01TEST0001,230.0,2659.0,2,2.0,28.0,90.0,96.0,304.0,0.0
2026-06-27 12:44:15.400272+00:00,MH01TEST0001,361.0,718.0,2,1.0,11.0,62.0,86.0,849.0,0.0
2026-06-27 12:44:25.400272+00:00,MH01TEST0001,330.0,2590.0,2,4.0,25.0,1.0,99.0,277.0,0.0
2026-06-27 12:44:35.400272+00:00,MH01TEST0001,393.0,2492.0,2,2.0,44.0,4.0,78.0,292.0,0.0
2026-06-27 12:44:45.400272+00:00,MH01TEST0001,654.0,1599.0,2,3.0,25.0,60.0,86.0,321.0,0.0
2026-06-27 12:44:55.400272+00:00,MH01TEST0001,660.0,798.0,2,5.0,48.0,10.0,88.0,310.0,0.0
2026-06-27 12:45:05.400272+00:00,MH01TEST0001,501.0,1773.0,2,3.0,44.0,9.0,85.0,487.0,0.0
2026-06-27 12:45:15.400272+00:00,MH01TEST0001,568.0,2312.0,2,2.0,42.0,99.0,75.0,299.0,0.0
2026-06-27 12:45:25.400272+00:00,MH01TEST0001,767.0,2595.0,2,2.0,18.0,87.0,89.0,371.0,0.0
2026-06-27 12:45:35.400272+00:00,MH01TEST0001,509.0,1064.0,2,3.0,43.0,32.0,94.0,462.0,0.0
2026-06-27 12:45:45.400272+00:00,MH01TEST0001,295.0,2265.0,2,4.0,42.0,96.0,92.0,360.0,0.0
2026-06-27 12:45:55.400272+00:00,MH01TEST0001,65.0,1976.0,2,4.0,21.0,55.0,91.0,273.0,0.0
2026-06-27 12:46:05.400272+00:00,MH01TEST0001,442.0,2624.0,2,1.0,25.0,3.0,97.0,639.0,0.0
2026-06-27 12:46:15.400272+00:00,MH01TEST0001,185.0,2333.0,2,3.0,31.0,65.0,78.0,625.0,0.0
2026-06-27 12:46:25.400272+00:00,MH01TEST0001,475.0,2442.0,2,2.0,4.0,13.0,89.0,283.0,0.0
2026-06-27 12:46:35.400272+00:00,MH01TEST0001,20.0,2666.0,2,2.0,0.0,34.0,91.0,312.0,0.0
2026-06-27 12:46:45.400272+00:00,MH01TEST0001,678.0,2289.0,2,5.0,22.0,83.0,97.0,349.0,0.0
2026-06-27 12:46:55.400272+00:00,MH01TEST0001,755.0,1607.0,2,5.0,30.0,98.0,99.0,584.0,0.0
2026-06-27 12:47:05.400272+00:00,MH01TEST0001,116.0,2799.0,2,3.0,14.0,68.0,85.0,840.0,0.0
2026-06-27 12:47:15.400272+00:00,MH01TEST0001,655.0,1980.0,2,2.0,43.0,30.0,75.0,495.0,0.0
2026-06-27 12:47:25.400272+00:00,MH01TEST0001,325.0,2592.0,2,5.0,26.0,98.0,94.0,282.0,0.0
2026-06-27 12:47:35.400272+00:00,MH01TEST0001,33.0,936.0,2,5.0,1.0,1.0,96.0,221.0,0.0
2026-06-27 12:47:45.400272+00:00,MH01TEST0001,727.0,1111.0,2,4.0,42.0,75.0,99.0,355.0,0.0
2026-06-27 12:47:55.400272+00:00,MH01TEST0001,752.0,1958.0,2,3.0,24.0,69.0,93.0,594.0,0.0
2026-06-27 12:48:05.400272+00:00,MH01TEST0001,34.0,2420.0,2,4.0,8.0,59.0,76.0,835.0,0.0
2026-06-27 12:48:15.400272+00:00,MH01TEST0001,474.0,2887.0,2,2.0,29.0,25.0,99.0,247.0,0.0
2026-06-27 12:48:25.400272+00:00,MH01TEST0001,658.0,899.0,2,1.0,23.0,53.0,92.0,746.0,0.0
2026-06-27 12:48:35.400272+00:00,MH01TEST0001,631.0,2678.0,2,5.0,2.0,24.0,99.0,557.0,0.0
2026-06-27 12:48:45.400272+00:00,MH01TEST0001,332.0,1679.0,2,2.0,29.0,0.0,97.0,513.0,0.0
2026-06-27 12:48:55.400272+00:00,MH01TEST0001,687.0,2885.0,2,4.0,34.0,73.0,93.0,434.0,0.0
2026-06-27 12:49:05.400272+00:00,MH01TEST0001,663.0,1612.0,2,2.0,38.0,78.0,97.0,878.0,0.0
2026-06-27 12:49:15.400272+00:00,MH01TEST0001,90.0,2814.0,2,5.0,11.0,22.0,88.0,472.0,0.0
2026-06-27 12:49:25.400272+00:00,MH01TEST0001,7.0,1164.0,2,3.0,47.0,38.0,96.0,428.0,0.0
2026-06-27 12:49:35.400272+00:00,MH01TEST0001,81.0,1488.0,2,3.0,41.0,93.0,95.0,508.0,0.0
2026-06-27 12:49:45.400272+00:00,MH01TEST0001,292.0,2857.0,2,3.0,27.0,10.0,81.0,615.0,0.0
2026-06-27 12:49:55.400272+00:00,MH01TEST0001,87.0,2964.0,2,5.0,20.0,91.0,89.0,374.0,0.0
2026-06-27 12:50:05.400272+00:00,MH01TEST0001,62.0,917.0,2,5.0,46.0,54.0,85.0,342.0,0.0
2026-06-27 12:50:15.400272+00:00,MH01TEST0001,207.0,1034.0,2,3.0,22.0,51.0,81.0,806.0,0.0
2026-06-27 12:50:25.400272+00:00,MH01TEST0001,522.0,711.0,2,1.0,16.0,36.0,87.0,521.0,0.0
2026-06-27 12:50:35.400272+00:00,MH01TEST0001,419.0,2850.0,2,2.0,24.0,54.0,96.0,511.0,0.0
2026-06-27 12:50:45.400272+00:00,MH01TEST0001,219.0,1442.0,2,5.0,38.0,60.0,99.0,371.0,0.0
2026-06-27 12:50:55.400272+00:00,MH01TEST0001,760.0,1920.0,2,5.0,29.0,2.0,79.0,876.0,0.0
2026-06-27 12:51:05.400272+00:00,MH01TEST0001,562.0,2978.0,2,5.0,38.0,1.0,81.0,704.0,0.0
2026-06-27 12:51:15.400272+00:00,MH01TEST0001,507.0,2629.0,2,5.0,19.0,83.0,81.0,869.0,0.0
2026-06-27 12:51:25.400272+00:00,MH01TEST0001,755.0,1308.0,2,1.0,27.0,16.0,91.0,328.0,0.0
2026-06-27 12:51:35.400272+00:00,MH01TEST0001,628.0,1558.0,2,3.0,17.0,94.0,93.0,221.0,0.0
2026-06-27 12:51:45.400272+00:00,MH01TEST0001,101.0,2610.0,2,1.0,8.0,53.0,93.0,820.0,0.0
2026-06-27 12:51:55.400272+00:00,MH01TEST0001,29.0,1837.0,2,1.0,21.0,26.0,93.0,782.0,1.0
2026-06-27 12:52:05.400272+00:00,MH01TEST0001,691.0,1098.0,2,2.0,19.0,60.0,78.0,827.0,0.0
2026-06-27 12:52:15.400272+00:00,MH01TEST0001,326.0,2865.0,2,3.0,43.0,34.0,83.0,393.0,0.0
2026-06-27 12:52:25.400272+00:00,MH01TEST0001,47.0,2048.0,2,3.0,14.0,8.0,96.0,737.0,0.0
2026-06-27 12:52:35.400272+00:00,MH01TEST0001,381.0,2486.0,2,3.0,47.0,93.0,76.0,228.0,0.0
2026-06-27 12:52:45.400272+00:00,MH01TEST0001,304.0,2904.0,2,5.0,48.0,63.0,87.0,820.0,0.0
2026-06-27 12:52:55.400272+00:00,MH01TEST0001,344.0,2106.0,2,5.0,7.0,94.0,95.0,890.0,0.0
2026-06-27 12:53:05.400272+00:00,MH01TEST0001,343.0,2347.0,2,1.0,32.0,84.0,98.0,411.0,0.0
2026-06-27 12:53:15.400272+00:00,MH01TEST0001,251.0,2675.0,2,2.0,35.0,32.0,78.0,453.0,0.0
2026-06-27 12:53:25.400272+00:00,MH01TEST0001,391.0,2955.0,2,4.0,45.0,28.0,97.0,236.0,0.0
2026-06-27 12:53:35.400272+00:00,MH01TEST0001,393.0,1934.0,2,2.0,48.0,65.0,77.0,554.0,0.0
2026-06-27 12:53:45.400272+00:00,MH01TEST0001,781.0,2021.0,2,3.0,14.0,52.0,98.0,835.0,0.0
2026-06-27 12:53:55.400272+00:00,MH01TEST0001,554.0,2238.0,2,3.0,28.0,7.0,79.0,549.0,0.0
2026-06-27 12:54:05.400272+00:00,MH01TEST0001,620.0,2961.0,2,1.0,21.0,90.0,79.0,603.0,0.0
2026-06-27 12:54:15.400272+00:00,MH01TEST0001,6.0,1737.0,2,3.0,26.0,53.0,82.0,833.0,0.0
2026-06-27 12:54:25.400272+00:00,MH01TEST0001,247.0,2625.0,2,2.0,28.0,70.0,95.0,230.0,0.0
2026-06-27 12:54:35.400272+00:00,MH01TEST0001,786.0,1338.0,2,3.0,31.0,93.0,87.0,467.0,0.0
2026-06-27 12:54:45.400272+00:00,MH01TEST0001,215.0,2489.0,2,2.0,17.0,20.0,96.0,743.0,0.0
2026-06-27 12:54:55.400272+00:00,MH01TEST0001,407.0,956.0,2,1.0,13.0,94.0,75.0,652.0,0.0
2026-06-27 12:55:05.400272+00:00,MH01TEST0001,690.0,2743.0,2,2.0,22.0,96.0,98.0,425.0,0.0
2026-06-27 12:55:15.400272+00:00,MH01TEST0001,510.0,1482.0,2,4.0,47.0,59.0,93.0,565.0,0.0
2026-06-27 12:55:25.400272+00:00,MH01TEST0001,705.0,2152.0,2,2.0,29.0,34.0,91.0,866.0,0.0
2026-06-27 12:55:35.400272+00:00,MH01TEST0001,131.0,1024.0,2,5.0,38.0,64.0,83.0,803.0,0.0
2026-06-27 12:55:45.400272+00:00,MH01TEST0001,408.0,1519.0,2,3.0,1.0,82.0,84.0,889.0,0.0
2026-06-27 12:55:55.400272+00:00,MH01TEST0001,508.0,920.0,2,2.0,4.0,10.0,85.0,246.0,1.0
2026-06-27 12:56:05.400272+00:00,MH01TEST0001,275.0,1915.0,2,5.0,16.0,45.0,89.0,621.0,0.0
2026-06-27 12:56:15.400272+00:00,MH01TEST0001,459.0,2969.0,2,1.0,0.0,10.0,94.0,879.0,0.0
2026-06-27 12:56:25.400272+00:00,MH01TEST0001,795.0,1220.0,2,3.0,0.0,78.0,78.0,835.0,0.0
2026-06-27 12:56:35.400272+00:00,MH01TEST0001,589.0,1318.0,2,5.0,29.0,53.0,96.0,625.0,0.0
2026-06-27 12:56:45.400272+00:00,MH01TEST0001,252.0,2488.0,2,5.0,24.0,92.0,99.0,449.0,0.0
2026-06-27 12:56:55.400272+00:00,MH01TEST0001,51.0,1133.0,2,5.0,23.0,48.0,91.0,232.0,0.0
2026-06-27 12:57:05.400272+00:00,MH01TEST0001,146.0,1091.0,2,1.0,30.0,90.0,93.0,392.0,0.0
2026-06-27 12:57:15.400272+00:00,MH01TEST0001,217.0,1196.0,2,3.0,41.0,79.0,95.0,720.0,0.0
2026-06-27 12:57:25.400272+00:00,MH01TEST0001,704.0,2027.0,2,1.0,4.0,80.0,83.0,711.0,0.0
2026-06-27 12:57:35.400272+00:00,MH01TEST0001,216.0,1858.0,2,3.0,37.0,72.0,83.0,361.0,0.0
2026-06-27 12:57:45.400272+00:00,MH01TEST0001,649.0,1932.0,2,1.0,12.0,32.0,97.0,591.0,0.0
2026-06-27 12:57:55.400272+00:00,MH01TEST0001,219.0,763.0,2,2.0,34.0,23.0,77.0,716.0,0.0
2026-06-27 12:58:05.400272+00:00,MH01TEST0001,534.0,2245.0,2,4.0,40.0,91.0,92.0,217.0,0.0
2026-06-27 12:58:15.400272+00:00,MH01TEST0001,421.0,1421.0,2,5.0,49.0,90.0,95.0,366.0,0.0
2026-06-27 12:58:25.400272+00:00,MH01TEST0001,766.0,2449.0,2,2.0,42.0,15.0,83.0,444.0,1.0
2026-06-27 12:58:35.400272+00:00,MH01TEST0001,453.0,2616.0,2,3.0,33.0,17.0,83.0,848.0,0.0
2026-06-27 12:58:45.400272+00:00,MH01TEST0001,740.0,952.0,2,3.0,19.0,26.0,98.0,206.0,0.0
2026-06-27 12:58:55.400272+00:00,MH01TEST0001,769.0,1377.0,2,4.0,15.0,5.0,79.0,256.0,0.0
2026-06-27 12:59:05.400272+00:00,MH01TEST0001,598.0,2137.0,2,4.0,40.0,64.0,83.0,416.0,0.0
2026-06-27 12:59:15.400272+00:00,MH01TEST0001,502.0,1102.0,2,5.0,8.0,92.0,92.0,858.0,0.0
2026-06-27 12:59:25.400272+00:00,MH01TEST0001,688.0,1652.0,2,2.0,13.0,74.0,82.0,527.0,0.0
2026-06-27 12:59:35.400272+00:00,MH01TEST0001,797.0,1505.0,2,3.0,13.0,12.0,93.0,323.0,1.0
2026-06-27 12:59:45.400272+00:00,MH01TEST0001,197.0,2112.0,2,2.0,35.0,5.0,75.0,453.0,0.0
2026-06-27 12:59:55.400272+00:00,MH01TEST0001,450.0,2410.0,2,1.0,49.0,90.0,84.0,645.0,0.0
2026-06-27 13:00:05.400272+00:00,MH01TEST0001,112.0,2296.0,2,4.0,27.0,26.0,92.0,566.0,0.0
2026-06-27 13:00:15.400272+00:00,MH01TEST0001,83.0,1430.0,2,3.0,44.0,80.0,97.0,343.0,0.0
2026-06-27 13:00:25.400272+00:00,MH01TEST0001,536.0,2046.0,2,3.0,22.0,36.0,77.0,220.0,0.0
2026-06-27 13:00:35.400272+00:00,MH01TEST0001,38.0,2544.0,2,3.0,43.0,77.0,88.0,683.0,0.0
2026-06-27 13:00:45.400272+00:00,MH01TEST0001,571.0,2385.0,2,1.0,32.0,84.0,76.0,864.0,0.0
2026-06-27 13:00:55.400272+00:00,MH01TEST0001,656.0,2512.0,2,4.0,39.0,87.0,79.0,731.0,0.0
2026-06-27 13:01:05.400272+00:00,MH01TEST0001,133.0,1896.0,2,1.0,0.0,0.0,91.0,347.0,0.0
2026-06-27 13:01:15.400272+00:00,MH01TEST0001,544.0,2037.0,2,1.0,44.0,29.0,87.0,202.0,0.0
2026-06-27 13:01:25.400272+00:00,MH01TEST0001,316.0,1764.0,2,4.0,8.0,88.0,99.0,258.0,1.0
2026-06-27 13:01:35.400272+00:00,MH01TEST0001,714.0,2108.0,2,2.0,17.0,59.0,95.0,729.0,0.0
2026-06-27 13:01:45.400272+00:00,MH01TEST0001,728.0,1359.0,2,5.0,14.0,33.0,76.0,624.0,0.0
2026-06-27 13:01:55.400272+00:00,MH01TEST0001,462.0,1757.0,2,5.0,42.0,90.0,96.0,562.0,1.0
2026-06-27 13:02:05.400272+00:00,MH01TEST0001,449.0,1227.0,2,5.0,34.0,61.0,93.0,669.0,0.0
2026-06-27 13:02:15.400272+00:00,MH01TEST0001,568.0,1859.0,2,1.0,8.0,2.0,80.0,557.0,0.0
2026-06-27 13:02:25.400272+00:00,MH01TEST0001,462.0,2299.0,2,3.0,35.0,93.0,80.0,424.0,0.0
2026-06-27 13:02:35.400272+00:00,MH01TEST0001,596.0,2506.0,2,5.0,13.0,81.0,96.0,241.0,0.0
2026-06-27 13:02:45.400272+00:00,MH01TEST0001,155.0,2300.0,2,1.0,34.0,6.0,96.0,840.0,0.0
2026-06-27 13:02:55.400272+00:00,MH01TEST0001,625.0,1101.0,2,5.0,27.0,97.0,75.0,624.0,0.0
2026-06-27 13:03:05.400272+00:00,MH01TEST0001,420.0,1149.0,2,2.0,38.0,54.0,75.0,308.0,0.0
2026-06-27 13:03:15.400272+00:00,MH01TEST0001,601.0,1559.0,2,2.0,44.0,95.0,75.0,670.0,0.0
2026-06-27 13:03:25.400272+00:00,MH01TEST0001,418.0,2935.0,2,3.0,3.0,22.0,79.0,320.0,0.0
2026-06-27 13:03:35.400272+00:00,MH01TEST0001,245.0,764.0,2,3.0,32.0,12.0,99.0,851.0,0.0
2026-06-27 13:03:45.400272+00:00,MH01TEST0001,71.0,2243.0,2,5.0,5.0,70.0,99.0,790.0,0.0
2026-06-27 13:03:55.400272+00:00,MH01TEST0001,420.0,1376.0,2,5.0,46.0,9.0,96.0,281.0,0.0
2026-06-27 13:04:05.400272+00:00,MH01TEST0001,785.0,1921.0,2,4.0,42.0,81.0,89.0,514.0,1.0
2026-06-27 13:04:15.400272+00:00,MH01TEST0001,28.0,899.0,2,3.0,47.0,29.0,85.0,255.0,0.0
2026-06-27 13:04:25.400272+00:00,MH01TEST0001,457.0,2634.0,2,2.0,17.0,24.0,78.0,591.0,0.0
2026-06-27 13:04:35.400272+00:00,MH01TEST0001,357.0,2707.0,2,2.0,30.0,61.0,91.0,750.0,0.0
2026-06-27 13:04:45.400272+00:00,MH01TEST0001,5.0,1818.0,2,4.0,28.0,85.0,75.0,737.0,0.0
2026-06-27 13:04:55.400272+00:00,MH01TEST0001,434.0,2493.0,2,2.0,3.0,80.0,98.0,484.0,0.0
2026-06-27 13:05:05.400272+00:00,MH01TEST0001,618.0,1794.0,2,3.0,25.0,17.0,85.0,532.0,0.0
2026-06-27 13:05:15.400272+00:00,MH01TEST0001,593.0,2372.0,2,2.0,26.0,76.0,87.0,633.0,0.0
2026-06-27 13:05:25.400272+00:00,MH01TEST0001,782.0,1294.0,2,5.0,31.0,48.0,85.0,823.0,0.0
2026-06-27 13:05:35.400272+00:00,MH01TEST0001,423.0,1431.0,2,3.0,12.0,63.0,98.0,241.0,0.0
2026-06-27 13:05:45.400272+00:00,MH01TEST0001,471.0,1059.0,2,3.0,3.0,13.0,88.0,356.0,0.0
2026-06-27 13:05:55.400272+00:00,MH01TEST0001,772.0,1744.0,2,5.0,1.0,47.0,95.0,273.0,0.0
2026-06-27 13:06:05.400272+00:00,MH01TEST0001,255.0,2336.0,2,5.0,38.0,30.0,92.0,542.0,0.0
2026-06-27 13:06:15.400272+00:00,MH01TEST0001,638.0,2497.0,2,1.0,35.0,24.0,95.0,202.0,0.0
2026-06-27 13:06:25.400272+00:00,MH01TEST0001,150.0,2641.0,2,1.0,6.0,37.0,78.0,318.0,0.0
2026-06-27 13:06:35.400272+00:00,MH01TEST0001,289.0,1139.0,2,5.0,45.0,9.0,83.0,516.0,0.0
2026-06-27 13:06:45.400272+00:00,MH01TEST0001,538.0,2258.0,2,4.0,34.0,69.0,82.0,366.0,0.0
2026-06-27 13:06:55.400272+00:00,MH01TEST0001,463.0,1321.0,2,5.0,9.0,70.0,77.0,500.0,0.0
2026-06-27 13:07:05.400272+00:00,MH01TEST0001,156.0,1548.0,2,2.0,20.0,31.0,76.0,629.0,0.0
2026-06-27 13:07:15.400272+00:00,MH01TEST0001,527.0,1552.0,2,2.0,48.0,66.0,83.0,736.0,0.0
2026-06-27 13:07:25.400272+00:00,MH01TEST0001,462.0,2024.0,2,3.0,24.0,52.0,99.0,621.0,0.0
2026-06-27 13:07:35.400272+00:00,MH01TEST0001,736.0,2052.0,2,1.0,0.0,60.0,93.0,754.0,0.0
2026-06-27 13:07:45.400272+00:00,MH01TEST0001,481.0,1995.0,2,1.0,33.0,65.0,85.0,466.0,0.0
2026-06-27 13:07:55.400272+00:00,MH01TEST0001,707.0,849.0,2,4.0,48.0,66.0,95.0,613.0,0.0
2026-06-27 13:08:05.400272+00:00,MH01TEST0001,769.0,2854.0,2,5.0,18.0,78.0,91.0,206.0,0.0
2026-06-27 13:08:15.400272+00:00,MH01TEST0001,70.0,2660.0,2,2.0,42.0,60.0,77.0,836.0,0.0
2026-06-27 13:08:25.400272+00:00,MH01TEST0001,57.0,1591.0,2,1.0,2.0,29.0,82.0,513.0,0.0
2026-06-27 13:08:35.400272+00:00,MH01TEST0001,402.0,2014.0,2,5.0,3.0,91.0,89.0,280.0,0.0
2026-06-27 13:08:45.400272+00:00,MH01TEST0001,399.0,1079.0,2,3.0,48.0,5.0,78.0,388.0,1.0
2026-06-27 13:08:55.400272+00:00,MH01TEST0001,444.0,2159.0,2,4.0,16.0,62.0,84.0,221.0,0.0
2026-06-27 13:09:05.400272+00:00,MH01TEST0001,595.0,2716.0,2,3.0,26.0,23.0,79.0,896.0,1.0
2026-06-27 13:09:15.400272+00:00,MH01TEST0001,252.0,2835.0,2,4.0,12.0,15.0,78.0,655.0,0.0
2026-06-27 13:09:25.400272+00:00,MH01TEST0001,141.0,2757.0,2,5.0,37.0,54.0,75.0,604.0,0.0
2026-06-27 13:09:35.400272+00:00,MH01TEST0001,544.0,826.0,2,1.0,18.0,54.0,84.0,502.0,0.0
2026-06-27 13:09:45.400272+00:00,MH01TEST0001,310.0,811.0,2,3.0,26.0,87.0,92.0,819.0,0.0
2026-06-27 13:09:55.400272+00:00,MH01TEST0001,743.0,2394.0,2,5.0,46.0,65.0,91.0,489.0,0.0
2026-06-27 13:10:05.400272+00:00,MH01TEST0001,50.0,1155.0,2,5.0,40.0,65.0,99.0,683.0,0.0
2026-06-27 13:10:15.400272+00:00,MH01TEST0001,567.0,1134.0,2,5.0,48.0,51.0,77.0,694.0,0.0
2026-06-27 13:10:25.400272+00:00,MH01TEST0001,580.0,2163.0,2,3.0,28.0,60.0,77.0,263.0,0.0
2026-06-27 13:10:35.400272+00:00,MH01TEST0001,216.0,837.0,2,2.0,1.0,58.0,76.0,355.0,0.0
2026-06-27 13:10:45.400272+00:00,MH01TEST0001,70.0,2514.0,2,5.0,6.0,3.0,79.0,543.0,0.0
2026-06-27 13:10:55.400272+00:00,MH01TEST0001,254.0,1111.0,2,5.0,14.0,65.0,86.0,583.0,0.0
2026-06-27 13:11:05.400272+00:00,MH01TEST0001,316.0,2095.0,2,4.0,32.0,49.0,95.0,864.0,0.0
2026-06-27 13:11:15.400272+00:00,MH01TEST0001,783.0,2150.0,2,3.0,46.0,87.0,91.0,848.0,0.0
2026-06-27 13:11:25.400272+00:00,MH01TEST0001,698.0,1140.0,2,5.0,8.0,33.0,90.0,571.0,0.0
2026-06-27 13:11:35.400272+00:00,MH01TEST0001,184.0,1622.0,2,2.0,5.0,55.0,81.0,423.0,0.0
2026-06-27 13:11:45.400272+00:00,MH01TEST0001,377.0,970.0,2,5.0,41.0,34.0,98.0,298.0,0.0
2026-06-27 13:11:55.400272+00:00,MH01TEST0001,479.0,2956.0,2,4.0,29.0,60.0,99.0,620.0,0.0
2026-06-27 13:12:05.400272+00:00,MH01TEST0001,730.0,1863.0,2,5.0,34.0,95.0,84.0,733.0,0.0
2026-06-27 13:12:15.400272+00:00,MH01TEST0001,108.0,1040.0,2,4.0,16.0,30.0,89.0,636.0,0.0
2026-06-27 13:12:25.400272+00:00,MH01TEST0001,612.0,2575.0,2,1.0,46.0,16.0,85.0,744.0,0.0
2026-06-27 13:12:35.400272+00:00,MH01TEST0001,740.0,2401.0,2,1.0,31.0,79.0,82.0,830.0,0.0
2026-06-27 13:12:45.400272+00:00,MH01TEST0001,732.0,1199.0,2,1.0,31.0,8.0,82.0,714.0,0.0
2026-06-27 13:12:55.400272+00:00,MH01TEST0001,221.0,1479.0,2,5.0,41.0,46.0,98.0,755.0,0.0
2026-06-27 13:13:05.400272+00:00,MH01TEST0001,101.0,872.0,2,4.0,11.0,30.0,95.0,662.0,0.0
2026-06-27 13:13:15.400272+00:00,MH01TEST0001,475.0,1980.0,2,5.0,34.0,31.0,96.0,764.0,0.0
2026-06-27 13:13:25.400272+00:00,MH01TEST0001,58.0,1967.0,2,2.0,27.0,64.0,79.0,795.0,0.0
2026-06-27 13:13:35.400272+00:00,MH01TEST0001,103.0,821.0,2,3.0,25.0,36.0,85.0,635.0,0.0
2026-06-27 13:13:45.400272+00:00,MH01TEST0001,56.0,1141.0,2,2.0,38.0,26.0,84.0,501.0,0.0
2026-06-27 13:13:55.400272+00:00,MH01TEST0001,168.0,1745.0,2,4.0,13.0,33.0,98.0,649.0,0.0
2026-06-27 13:14:05.400272+00:00,MH01TEST0001,695.0,855.0,2,1.0,35.0,70.0,91.0,438.0,0.0
2026-06-27 13:14:15.400272+00:00,MH01TEST0001,538.0,2406.0,2,4.0,40.0,45.0,94.0,224.0,0.0
2026-06-27 13:14:25.400272+00:00,MH01TEST0001,507.0,2478.0,2,4.0,17.0,69.0,97.0,826.0,0.0
2026-06-27 13:14:35.400272+00:00,MH01TEST0001,788.0,2332.0,2,4.0,11.0,98.0,75.0,572.0,0.0
2026-06-27 13:14:45.400272+00:00,MH01TEST0001,397.0,2588.0,2,5.0,32.0,43.0,95.0,260.0,0.0
2026-06-27 13:14:55.400272+00:00,MH01TEST0001,31.0,2542.0,2,5.0,12.0,60.0,88.0,337.0,0.0
2026-06-27 13:15:05.400272+00:00,MH01TEST0001,130.0,1616.0,2,1.0,46.0,83.0,77.0,878.0,0.0
2026-06-27 13:15:15.400272+00:00,MH01TEST0001,208.0,1733.0,2,5.0,4.0,38.0,98.0,758.0,0.0
2026-06-27 13:15:25.400272+00:00,MH01TEST0001,538.0,1376.0,2,3.0,34.0,32.0,96.0,324.0,0.0
2026-06-27 13:15:35.400272+00:00,MH01TEST0001,285.0,1091.0,2,5.0,22.0,45.0,92.0,497.0,0.0
2026-06-27 13:15:45.400272+00:00,MH01TEST0001,254.0,1337.0,2,2.0,18.0,62.0,94.0,434.0,0.0
2026-06-27 13:15:55.400272+00:00,MH01TEST0001,89.0,2363.0,2,1.0,27.0,59.0,84.0,810.0,0.0
2026-06-27 13:16:05.400272+00:00,MH01TEST0001,568.0,1530.0,2,4.0,45.0,54.0,86.0,761.0,0.0
2026-06-27 13:16:15.400272+00:00,MH01TEST0001,19.0,2992.0,2,1.0,7.0,18.0,96.0,371.0,0.0
2026-06-27 13:16:25.400272+00:00,MH01TEST0001,368.0,2026.0,2,3.0,41.0,7.0,88.0,287.0,0.0
2026-06-27 13:16:35.400272+00:00,MH01TEST0001,595.0,2230.0,2,4.0,20.0,49.0,97.0,863.0,0.0
2026-06-27 13:16:45.400272+00:00,MH01TEST0001,405.0,1913.0,2,4.0,42.0,34.0,86.0,461.0,0.0
2026-06-27 13:16:55.400272+00:00,MH01TEST0001,549.0,2533.0,2,1.0,37.0,3.0,81.0,242.0,0.0
2026-06-27 13:17:05.400272+00:00,MH01TEST0001,631.0,1517.0,2,3.0,5.0,56.0,76.0,654.0,0.0
2026-06-27 13:17:15.400272+00:00,MH01TEST0001,179.0,2108.0,2,1.0,11.0,16.0,99.0,814.0,0.0
2026-06-27 13:17:25.400272+00:00,MH01TEST0001,74.0,2166.0,2,5.0,14.0,97.0,83.0,431.0,0.0
2026-06-27 13:17:35.400272+00:00,MH01TEST0001,45.0,2691.0,2,3.0,4.0,77.0,78.0,669.0,0.0
2026-06-27 13:17:45.400272+00:00,MH01TEST0001,463.0,2254.0,2,3.0,39.0,78.0,97.0,791.0,0.0
2026-06-27 13:17:55.400272+00:00,MH01TEST0001,211.0,2075.0,2,3.0,26.0,71.0,84.0,668.0,0.0
2026-06-27 13:18:05.400272+00:00,MH01TEST0001,157.0,1984.0,2,5.0,13.0,48.0,89.0,406.0,0.0
2026-06-27 13:18:15.400272+00:00,MH01TEST0001,587.0,826.0,2,4.0,37.0,31.0,98.0,741.0,0.0
2026-06-27 13:18:25.400272+00:00,MH01TEST0001,646.0,1590.0,2,3.0,3.0,19.0,77.0,612.0,0.0
2026-06-27 13:18:35.400272+00:00,MH01TEST0001,763.0,1417.0,2,4.0,1.0,26.0,99.0,318.0,0.0
2026-06-27 13:18:45.400272+00:00,MH01TEST0001,391.0,2134.0,2,1.0,34.0,26.0,88.0,446.0,0.0
2026-06-27 13:18:55.400272+00:00,MH01TEST0001,418.0,1426.0,2,2.0,37.0,70.0,87.0,871.0,0.0
2026-06-27 13:19:05.400272+00:00,MH01TEST0001,790.0,2061.0,2,4.0,39.0,4.0,90.0,276.0,0.0
2026-06-27 13:19:15.400272+00:00,MH01TEST0001,402.0,1846.0,2,5.0,29.0,99.0,89.0,584.0,1.0
2026-06-27 13:19:25.400272+00:00,MH01TEST0001,146.0,1482.0,2,2.0,32.0,58.0,95.0,394.0,0.0
2026-06-27 13:19:35.400272+00:00,MH01TEST0001,204.0,1866.0,2,3.0,9.0,37.0,99.0,325.0,0.0
2026-06-27 13:19:45.400272+00:00,MH01TEST0001,770.0,1397.0,2,3.0,17.0,42.0,89.0,771.0,0.0
2026-06-27 13:19:55.400272+00:00,MH01TEST0001,34.0,1197.0,2,5.0,6.0,60.0,75.0,411.0,0.0
2026-06-27 13:20:05.400272+00:00,MH01TEST0001,640.0,1955.0,2,4.0,27.0,65.0,80.0,421.0,0.0
2026-06-27 13:20:15.400272+00:00,MH01TEST0001,517.0,2974.0,2,3.0,33.0,78.0,91.0,552.0,0.0
2026-06-27 13:20:25.400272+00:00,MH01TEST0001,385.0,2108.0,2,1.0,1.0,53.0,99.0,441.0,0.0
2026-06-27 13:20:35.400272+00:00,MH01TEST0001,666.0,2119.0,2,3.0,8.0,1.0,78.0,210.0,0.0
2026-06-27 13:20:45.400272+00:00,MH01TEST0001,650.0,2104.0,2,1.0,28.0,41.0,82.0,821.0,0.0
2026-06-27 13:20:55.400272+00:00,MH01TEST0001,351.0,2728.0,2,4.0,28.0,78.0,79.0,684.0,0.0
2026-06-27 13:21:05.400272+00:00,MH01TEST0001,482.0,1580.0,2,5.0,42.0,35.0,93.0,841.0,0.0
2026-06-27 13:21:15.400272+00:00,MH01TEST0001,610.0,1675.0,2,3.0,36.0,29.0,95.0,608.0,0.0
2026-06-27 13:21:25.400272+00:00,MH01TEST0001,524.0,2001.0,2,5.0,3.0,4.0,92.0,601.0,0.0
2026-06-27 13:21:35.400272+00:00,MH01TEST0001,388.0,1984.0,2,2.0,4.0,18.0,97.0,887.0,0.0
2026-06-27 13:21:45.400272+00:00,MH01TEST0001,730.0,2967.0,2,1.0,19.0,98.0,98.0,277.0,0.0
2026-06-27 13:21:55.400272+00:00,MH01TEST0001,706.0,1113.0,2,2.0,3.0,79.0,89.0,790.0,0.0
2026-06-27 13:22:05.400272+00:00,MH01TEST0001,52.0,1684.0,2,5.0,8.0,7.0,94.0,381.0,0.0
2026-06-27 13:22:15.400272+00:00,MH01TEST0001,437.0,1184.0,2,4.0,13.0,96.0,77.0,738.0,0.0
2026-06-27 13:22:25.400272+00:00,MH01TEST0001,667.0,2638.0,2,2.0,19.0,2.0,84.0,754.0,0.0
